agency_id,agency_name,grade,score,checked,expiry_status,days_until_expiry,needs_attention,attention_reason,top_fix,shapes_txt_status
stagecoach-transportation-services-sts,Stagecoach Transportation Services (STS),F,21.4,2026-07-10,stale,-2382,yes,Service data has expired,"Re-export the feed with a calendar that reaches further out, and set feed_info feed_end_date past your next service change.",
stagecoach-transportation-services-sts-449,Stagecoach Transportation Services (STS),F,21.4,2026-07-10,stale,-2382,yes,Service data has expired,"Re-export the feed with a calendar that reaches further out, and set feed_info feed_end_date past your next service change.",
addison-county-transit-actr,Addison County Transit (ACTR),F,37.8,2026-07-10,stale,-2382,yes,Service data has expired,"Re-export the feed with a calendar that reaches further out, and set feed_info feed_end_date past your next service change.",
addison-county-transit-actr-543,Addison County Transit (ACTR),F,37.8,2026-07-10,stale,-2382,yes,Service data has expired,"Re-export the feed with a calendar that reaches further out, and set feed_info feed_end_date past your next service change.",
moover,MOOver,F,39.5,2026-07-10,stale,-1689,yes,Service data has expired,"Re-export the feed with a calendar that reaches further out, and set feed_info feed_end_date past your next service change.",
moover-434,MOOver,F,39.5,2026-07-10,stale,-1689,yes,Service data has expired,"Re-export the feed with a calendar that reaches further out, and set feed_info feed_end_date past your next service change.",
the-current,The Current,F,39.5,2026-07-10,stale,-1689,yes,Service data has expired,"Re-export the feed with a calendar that reaches further out, and set feed_info feed_end_date past your next service change.",
the-current-428,The Current,F,39.5,2026-07-10,stale,-1689,yes,Service data has expired,"Re-export the feed with a calendar that reaches further out, and set feed_info feed_end_date past your next service change.",
marble-valley-regional-transit-district-mvrtd-2831,Flex,F,59.9,2026-07-10,current,52,yes,Grade slipped from D to F,Review the rule documentation for 'invalid_pickup_drop_off_window' at https://gtfs-validator.mobilitydata.org/rules.html and check the flagged rows in your feed.,
marble-valley-regional-transit-district-mvrtd,Marble Valley Regional Transit District (MVRTD),C,71.3,2026-07-10,current,52,yes,Service data expires in 52 day(s),Set wheelchair_boarding to 1 (accessible) or 2 (not accessible) for every stop. A field survey can start with the busiest stops.,
marble-valley-regional-transit-district-mvrtd-430,Marble Valley Regional Transit District (MVRTD),C,71.3,2026-07-10,current,52,yes,Service data expires in 52 day(s),Set wheelchair_boarding to 1 (accessible) or 2 (not accessible) for every stop. A field survey can start with the busiest stops.,
chittenden-county-transportation-authority-ccta,Chittenden County Transportation Authority (CCTA),B,81.1,2026-07-10,current,83,yes,Score changed sharply on 2026-06-23,Set wheelchair_boarding to 1 (accessible) or 2 (not accessible) for every stop. A field survey can start with the busiest stops.,ready
rockingham-moover,Rockingham MOOver,B,81.1,2026-07-10,current,83,yes,Service window shortened unexpectedly on 2026-07-04,Set wheelchair_boarding to 1 (accessible) or 2 (not accessible) for every stop. A field survey can start with the busiest stops.,
vtrans,Springfield MicroMoo,D,62.8,2026-07-10,current,83,no,,Review the rule documentation for 'trip_distance_exceeds_shape_distance' at https://gtfs-validator.mobilitydata.org/rules.html and check the flagged rows in your feed.,
advance-transit-631,Advance Transit,C,74.2,2026-07-10,current,144,no,,Set wheelchair_boarding to 1 (accessible) or 2 (not accessible) for every stop. A field survey can start with the busiest stops.,ready
advance-transit,Advance Transit,C,74.3,2026-07-10,current,144,no,,Set wheelchair_boarding to 1 (accessible) or 2 (not accessible) for every stop. A field survey can start with the busiest stops.,ready
lake-champlain-ferries,Lake Champlain Ferries,C,76.7,2026-07-10,current,139,no,,Set wheelchair_boarding to 1 (accessible) or 2 (not accessible) for every stop. A field survey can start with the busiest stops.,
lake-champlain-ferries-547,Lake Champlain Ferries,C,76.7,2026-07-10,current,139,no,,Set wheelchair_boarding to 1 (accessible) or 2 (not accessible) for every stop. A field survey can start with the busiest stops.,
green-mountain-community-network-gmcn,Green Mountain Community Network (GMCN),C,78.0,2026-07-10,current,206,no,,Set wheelchair_boarding to 1 (accessible) or 2 (not accessible) for every stop. A field survey can start with the busiest stops.,
green-mountain-community-network-gmcn-539,Green Mountain Community Network (GMCN),C,78.0,2026-07-10,current,206,no,,Set wheelchair_boarding to 1 (accessible) or 2 (not accessible) for every stop. A field survey can start with the busiest stops.,
tri-valley-transit,Tri-Valley Transit,C,78.8,2026-07-10,current,114,no,,Set wheelchair_boarding to 1 (accessible) or 2 (not accessible) for every stop. A field survey can start with the busiest stops.,ready
tri-valley-transit-852,Tri-Valley Transit,C,78.8,2026-07-10,current,114,no,,Set wheelchair_boarding to 1 (accessible) or 2 (not accessible) for every stop. A field survey can start with the busiest stops.,ready
chittenden-county-transportation-authority-ccta-629,Chittenden County Transportation Authority (CCTA),B,81.1,2026-07-10,current,83,no,,Set wheelchair_boarding to 1 (accessible) or 2 (not accessible) for every stop. A field survey can start with the busiest stops.,ready
rural-community-transportation-rct-2882,Rural Community Transportation (RCT),B,81.2,2026-07-10,current,173,no,,Set wheelchair_boarding to 1 (accessible) or 2 (not accessible) for every stop. A field survey can start with the busiest stops.,
rural-community-transportation-rct-448,Rural Community Transportation (RCT),B,81.3,2026-07-10,current,173,no,,Set wheelchair_boarding to 1 (accessible) or 2 (not accessible) for every stop. A field survey can start with the busiest stops.,
rural-community-transportation-rct,Rural Community Transportation (RCT),B,83.1,2026-07-10,current,173,no,,Set wheelchair_boarding to 1 (accessible) or 2 (not accessible) for every stop. A field survey can start with the busiest stops.,
vermont-translines,Vermont Translines,B,84.0,2026-07-10,current,206,no,,Set wheelchair_boarding to 1 (accessible) or 2 (not accessible) for every stop. A field survey can start with the busiest stops.,ready
vermont-translines-450,Vermont Translines,B,84.0,2026-07-10,current,206,no,,Set wheelchair_boarding to 1 (accessible) or 2 (not accessible) for every stop. A field survey can start with the busiest stops.,ready
